text,filename,voice,exaggeration,cfg_weight,temperature
"Hello and welcome back to Wired Workshop! My name is Gemini, and for the past several lessons, we've been operating like architects. We've studied the blueprints of the digital world, identifying network components, classifying network types, and understanding the principles of reliable and secure design. But today, everything changes. Today, we stop looking at the blueprints and we step into the control room. We are going to learn how to communicate directly with the brains of the network.",001-intro,wired-eliv3,0.58,0.45,0.75
"Think about the complex devices that manage traffic in our digital city—the routers and the switches. These aren't simple, passive boxes. They are highly specialized computers, and just like your laptop or your smartphone, they need an operating system to function. For the vast majority of network devices that power the internet, that operating system is the Cisco Internetwork Operating System, or IOS.",002-devices-intro,wired-eliv3,0.58,0.45,0.75
"Today's session is your first step into the practical, hands-on world of network administration. We'll start by building a solid understanding of what an operating system is and what it does. We'll explore the two main ways humans interact with computers: the graphical interface you use every day, and the powerful command-line interface used by professionals. Finally, we'll break down the specific methods and software tools we use to establish a connection and begin configuring a Cisco device. It's time to open the door and talk to the network itself.",003-overview,wired-eliv3,0.58,0.45,0.75
"The Conductor of the Orchestra: The Purpose of an Operating System. Before we can understand the Cisco IOS, we need to take a step back and answer a more fundamental question: What is an operating system? Whether it's Windows on your PC, macOS on your MacBook, or Android on your phone, the Operating System, or OS, is the most important piece of software on any computer.",004-os-intro,wired-eliv3,0.58,0.45,0.75
"Imagine a symphony orchestra. You have dozens of talented musicians—the brass, the strings, the percussion. Each one is a powerful component, but without a conductor, the result would be chaos. The conductor is the one who tells each section when to play, how loudly, and how to work together to create a beautiful piece of music.",005-orchestra-analogy,wired-eliv3,0.58,0.45,0.75
"The operating system is the conductor for your computer's hardware. Your computer is filled with powerful components like the Central Processing Unit (the CPU), the memory (or RAM), and the storage drives. You, the user, cannot talk directly to these components. The OS is the master piece of software that acts as the translator and the manager between you and the hardware.",006-os-role,wired-eliv3,0.58,0.45,0.75
"The purpose of any OS can be broken down into a few key jobs. First, it manages the hardware resources. It tells the CPU which calculations to perform, allocates chunks of memory for different programs, and decides how data is written to and read from the storage drives. Second, it manages applications, providing a stable platform for your software to run and giving it controlled access to the hardware it needs. And third, it provides a user interface, which is the method you use to interact with the computer.",007-os-jobs,wired-eliv3,0.58,0.45,0.75
"So, how does this relate to networking? A router or a switch is a computer. It has a CPU, it has memory, and it has storage. Therefore, it needs an operating system. The Cisco IOS is a highly specialized OS whose sole purpose is to perform networking tasks with maximum efficiency. It doesn't need a fancy graphical interface, it doesn't need to run video games, and it doesn't need to browse the web. Its entire existence is dedicated to one thing: managing the hardware to move data packets from one place to another as fast and as reliably as possible.",008-cisco-ios,wired-eliv3,0.58,0.45,0.75
"Two Worlds of Interaction: GUI vs. CLI. The operating system provides us with a user interface, and historically, there have been two main types: the GUI and the CLI.",009-interface-types,wired-eliv3,0.58,0.45,0.75
"The GUI, or Graphical User Interface, is the world you live in every day. It's the visual environment of Windows, macOS, Android, and iOS. It's defined by icons, windows, menus, and pointers. You interact with it primarily using a mouse to point and click. The GUI is fantastic because it's intuitive, easy to learn, and requires very little prior knowledge. Its visual nature makes it great for multitasking and for applications that are inherently graphical, like photo editing or web browsing. Think of a GUI like driving a modern car with a touchscreen GPS, helpful icons, and automatic climate control. It's comfortable, user-friendly, and gets the job done for most people.",010-gui-explanation,wired-eliv3,0.58,0.45,0.75
"However, there is another, older, and often more powerful way to interact with a computer: the CLI, or Command-Line Interface. The CLI is a completely text-based environment. There are no icons, no windows, and no mouse. There is only a blinking cursor, waiting for you to type a command. When you press Enter, the computer executes your command and displays the output as text on the screen. This is the primary way that network engineers configure and manage Cisco routers and switches.",011-cli-explanation,wired-eliv3,0.58,0.45,0.75
"At first glance, this might seem like a huge step backward. Why would professionals choose a black screen with text over a beautiful graphical interface? The answer lies in the profound advantages the CLI offers for technical work.",012-cli-advantages-intro,wired-eliv3,0.58,0.45,0.75
"First is Power and Granularity. A GUI is designed for simplicity, and to achieve that, it often hides the most complex or advanced settings. The CLI, on the other hand, exposes every single possible configuration option. It gives the administrator absolute, granular control over every aspect of the device's operation.",013-power-granularity,wired-eliv3,0.58,0.45,0.75
"Second is Speed and Efficiency. For a beginner, clicking through menus is easier. But for a professional who knows the commands, typing a single line of text is exponentially faster than clicking through a dozen different windows and menus to find the setting you want to change.",014-speed-efficiency,wired-eliv3,0.58,0.45,0.75
"Third, and perhaps most importantly, is Automation. Commands in a CLI are just text. This means they can be saved in a text file, which we call a script. A network engineer can write a script to configure a standard set of security settings, and then run that same script on hundreds of different routers, ensuring that every single one is configured identically and without human error. This kind of large-scale automation is simply impossible with a point-and-click graphical interface.",015-automation,wired-eliv3,0.58,0.45,0.75
"Finally, the CLI has very low overhead. It uses almost no CPU power or memory compared to a resource-hungry GUI. For a device like a router, whose main job is to forward traffic at millions of packets per second, you want every ounce of processing power dedicated to that primary task, not to drawing pretty windows on a screen.",016-low-overhead,wired-eliv3,0.58,0.45,0.75
"So, while the GUI is like driving a comfortable family car, the CLI is like being in the cockpit of a fighter jet. It requires more training and skill, but it offers unparalleled power, precision, and performance.",017-cli-comparison,wired-eliv3,0.58,0.45,0.75
"Making the Connection: The Three Access Methods. Okay, so we know we need to talk to the Cisco IOS using a command-line interface. But how do we actually establish that connection? How do we get to the blinking cursor? There are three primary methods to access the management interface of a Cisco device.",018-access-methods-intro,wired-eliv3,0.58,0.45,0.75
"The first and most fundamental method is using the Console Port. Every Cisco router and switch has a special physical port on the back called the console port. This provides direct, physical access to the device's command line. To use it, you need a special light-blue cable called a console cable, sometimes called a rollover cable. You plug one end into the device's console port and the other end, which is usually a serial connector, into your computer. Since most modern laptops don't have old-school serial ports, you'll almost always need a USB-to-Serial adapter as well.",019-console-port,wired-eliv3,0.58,0.45,0.75
"The console connection is the most direct and powerful way to talk to a device. It's considered an out-of-band connection, meaning it doesn't rely on the network itself to be working. This is critical for performing the initial configuration of a brand-new device right out of the box, or for troubleshooting a device that has a problem so severe that it's no longer accessible over the network. It's the equivalent of plugging a keyboard and monitor directly into a computer to fix it.",020-console-advantages,wired-eliv3,0.58,0.45,0.75
"Once a device has been configured with an IP address and is on the network, the preferred method for day-to-day management is Secure Shell, or SSH. SSH is a network protocol that provides a secure, encrypted, remote connection to the command-line interface. You can be anywhere in the world, and as long as you can reach the device over the network, you can use SSH to securely manage it.",021-ssh-intro,wired-eliv3,0.58,0.45,0.75
"The key word here is secure. SSH encrypts the entire connection. This means your username, your password, and every command you type are scrambled into an unreadable code. If a hacker were to intercept your traffic, all they would see is gibberish. This is like having a conversation on a top-secret, military-grade encrypted phone line.",022-ssh-security,wired-eliv3,0.58,0.45,0.75
"The third method, which is mostly a legacy option, is Telnet. Like SSH, Telnet also provides a remote connection to the command line over the network. However, Telnet has one massive, critical flaw: it is completely insecure. Telnet sends all information, including your username and password, across the network in plain, readable text. Anyone with a network sniffer tool could easily capture your login credentials and gain full control of your network device. Telnet is the equivalent of shouting your password across a crowded room. Because of this, Telnet should never be used to manage a device over a public or untrusted network. Its only acceptable use today is in a completely isolated and secure lab environment for testing purposes.",023-telnet,wired-eliv3,0.58,0.45,0.75
"The Final Piece: Terminal Emulation Software. So we have our console cable or our SSH connection, but we need one last piece of software on our computer to make it all work. Our own operating system, like Windows or macOS, doesn't natively know how to interpret the console connection or initiate an SSH session in a user-friendly way. For that, we need a Terminal Emulation Program.",024-terminal-emulation-intro,wired-eliv3,0.58,0.45,0.75
"A terminal emulator is an application that makes your powerful, modern PC pretend to be an old-fashioned, dumb computer terminal. It opens up a simple window that can send your keystrokes to the Cisco device and display the text-based output that the device sends back.",025-terminal-emulator-explanation,wired-eliv3,0.58,0.45,0.75
"For Windows users, the most famous and widely used terminal emulator is PuTTY. It's a small, free, and powerful application that can handle console, SSH, and even Telnet connections. Other popular options include Tera Term and SecureCRT. For macOS and Linux users, the built-in Terminal application is already a powerful tool that can initiate SSH connections natively with a simple command. To make a console connection, they would also need a program like Serial.",026-terminal-software,wired-eliv3,0.58,0.45,0.75
"You simply open your terminal emulator, select your connection type—Serial for a console cable or SSH for a remote connection—provide the COM port or the IP address, and click connect. You are then presented with the command-line interface of the Cisco IOS, ready for your commands.",027-connection-process,wired-eliv3,0.58,0.45,0.75
"Let's recap our journey from the outside world into the control room of the network. We learned that network devices are specialized computers that run a specialized Operating System, the Cisco IOS. We explored the crucial difference between a simple, user-friendly Graphical User Interface (GUI) and the powerful, precise Command-Line Interface (CLI) used by professionals. We detailed the three main access methods: the direct Console connection for initial setup, the secure SSH protocol for remote management, and the insecure legacy protocol, Telnet. And finally, we identified the terminal emulation software, like PuTTY, that acts as our window into the device's CLI.",028-recap,wired-eliv3,0.58,0.45,0.75
"You now understand the concepts and the tools required to make first contact with a professional networking device. This is the true beginning of your hands-on journey. Mastering the command-line interface is a fundamental and empowering skill for any aspiring network engineer.",029-conclusion,wired-eliv3,0.58,0.45,0.75
"In our next lesson, we will take our first steps inside the Cisco IOS. We'll learn the basic commands, how to navigate the different modes of the operating system, and how to perform fundamental configuration tasks. You won't want to miss it.",030-next-lesson,wired-eliv3,0.58,0.45,0.75
"Thanks for joining me today at Wired Workshop. If this video helped you understand how to access the heart of the network, be sure to hit that like button and subscribe for more. As always, any questions, drop them in the comments below. Until next time, keep learning!",031-outro,wired-eliv3,0.58,0.45,0.75
